{"app":["/app-c5031f69905e22cfec00.js"],"component---node-modules-gatsby-plugin-offline-app-shell-js":["/component---node-modules-gatsby-plugin-offline-app-shell-js-cf2fd0f92da7499f18b1.js"],"component---src-templates-page-js":["/component---src-templates-page-js-be10f0469590f74c965a.js"],"component---src-templates-project-js":["/component---src-templates-project-js-c33674f2a114279838a3.js"],"component---src-templates-news-js":["/component---src-templates-news-js-0c2628fcfbc7c2d91a27.js"],"component---src-pages-404-js":["/component---src-pages-404-js-429b7284dc9a499e7d60.js"],"component---src-pages-index-js":["/component---src-pages-index-js-c528599d8c0280d719c8.js"],"component---src-pages-news-js":["/component---src-pages-news-js-1e568dbf256d00c849d7.js"],"component---src-pages-projects-js":["/component---src-pages-projects-js-798240d097fc85b699a0.js"]}