{"errors":[],"warnings":[],"namedChunkGroups":{"app":{"chunks":[11,0,2],"assets":["webpack-runtime-6ba9df2a529ef702b46b.js","webpack-runtime-6ba9df2a529ef702b46b.js.map","commons-779719f9f64ce46a4a47.js","commons-779719f9f64ce46a4a47.js.map","app-c5031f69905e22cfec00.js","app-c5031f69905e22cfec00.js.map"],"children":{},"childAssets":{}},"component---node-modules-gatsby-plugin-offline-app-shell-js":{"chunks":[3],"assets":["component---node-modules-gatsby-plugin-offline-app-shell-js-cf2fd0f92da7499f18b1.js","component---node-modules-gatsby-plugin-offline-app-shell-js-cf2fd0f92da7499f18b1.js.map"],"children":{},"childAssets":{}},"component---src-templates-page-js":{"chunks":[1,0,9],"assets":["styles.03f8a8f63ab2a9b54b18.css","styles-945a5a4f8d9964885e02.js","styles-945a5a4f8d9964885e02.js.map","commons-779719f9f64ce46a4a47.js","commons-779719f9f64ce46a4a47.js.map","component---src-templates-page-js-be10f0469590f74c965a.js","component---src-templates-page-js-be10f0469590f74c965a.js.map"],"children":{},"childAssets":{}},"component---src-templates-project-js":{"chunks":[1,0,10],"assets":["styles.03f8a8f63ab2a9b54b18.css","styles-945a5a4f8d9964885e02.js","styles-945a5a4f8d9964885e02.js.map","commons-779719f9f64ce46a4a47.js","commons-779719f9f64ce46a4a47.js.map","component---src-templates-project-js-c33674f2a114279838a3.js","component---src-templates-project-js-c33674f2a114279838a3.js.map"],"children":{},"childAssets":{}},"component---src-templates-news-js":{"chunks":[1,0,8],"assets":["styles.03f8a8f63ab2a9b54b18.css","styles-945a5a4f8d9964885e02.js","styles-945a5a4f8d9964885e02.js.map","commons-779719f9f64ce46a4a47.js","commons-779719f9f64ce46a4a47.js.map","component---src-templates-news-js-0c2628fcfbc7c2d91a27.js","component---src-templates-news-js-0c2628fcfbc7c2d91a27.js.map"],"children":{},"childAssets":{}},"component---src-pages-404-js":{"chunks":[1,0,4],"assets":["styles.03f8a8f63ab2a9b54b18.css","styles-945a5a4f8d9964885e02.js","styles-945a5a4f8d9964885e02.js.map","commons-779719f9f64ce46a4a47.js","commons-779719f9f64ce46a4a47.js.map","component---src-pages-404-js-429b7284dc9a499e7d60.js","component---src-pages-404-js-429b7284dc9a499e7d60.js.map"],"children":{},"childAssets":{}},"component---src-pages-index-js":{"chunks":[1,0,5],"assets":["styles.03f8a8f63ab2a9b54b18.css","styles-945a5a4f8d9964885e02.js","styles-945a5a4f8d9964885e02.js.map","commons-779719f9f64ce46a4a47.js","commons-779719f9f64ce46a4a47.js.map","component---src-pages-index-js-c528599d8c0280d719c8.js","component---src-pages-index-js-c528599d8c0280d719c8.js.map"],"children":{},"childAssets":{}},"component---src-pages-news-js":{"chunks":[1,0,6],"assets":["styles.03f8a8f63ab2a9b54b18.css","styles-945a5a4f8d9964885e02.js","styles-945a5a4f8d9964885e02.js.map","commons-779719f9f64ce46a4a47.js","commons-779719f9f64ce46a4a47.js.map","component---src-pages-news-js-1e568dbf256d00c849d7.js","component---src-pages-news-js-1e568dbf256d00c849d7.js.map"],"children":{},"childAssets":{}},"component---src-pages-projects-js":{"chunks":[1,0,7],"assets":["styles.03f8a8f63ab2a9b54b18.css","styles-945a5a4f8d9964885e02.js","styles-945a5a4f8d9964885e02.js.map","commons-779719f9f64ce46a4a47.js","commons-779719f9f64ce46a4a47.js.map","component---src-pages-projects-js-798240d097fc85b699a0.js","component---src-pages-projects-js-798240d097fc85b699a0.js.map"],"children":{},"childAssets":{}}},"assetsByChunkName":{"app":["webpack-runtime-6ba9df2a529ef702b46b.js","commons-779719f9f64ce46a4a47.js","app-c5031f69905e22cfec00.js"],"component---node-modules-gatsby-plugin-offline-app-shell-js":["component---node-modules-gatsby-plugin-offline-app-shell-js-cf2fd0f92da7499f18b1.js"],"component---src-templates-page-js":["styles.03f8a8f63ab2a9b54b18.css","styles-945a5a4f8d9964885e02.js","commons-779719f9f64ce46a4a47.js","component---src-templates-page-js-be10f0469590f74c965a.js"],"component---src-templates-project-js":["styles.03f8a8f63ab2a9b54b18.css","styles-945a5a4f8d9964885e02.js","commons-779719f9f64ce46a4a47.js","component---src-templates-project-js-c33674f2a114279838a3.js"],"component---src-templates-news-js":["styles.03f8a8f63ab2a9b54b18.css","styles-945a5a4f8d9964885e02.js","commons-779719f9f64ce46a4a47.js","component---src-templates-news-js-0c2628fcfbc7c2d91a27.js"],"component---src-pages-404-js":["styles.03f8a8f63ab2a9b54b18.css","styles-945a5a4f8d9964885e02.js","commons-779719f9f64ce46a4a47.js","component---src-pages-404-js-429b7284dc9a499e7d60.js"],"component---src-pages-index-js":["styles.03f8a8f63ab2a9b54b18.css","styles-945a5a4f8d9964885e02.js","commons-779719f9f64ce46a4a47.js","component---src-pages-index-js-c528599d8c0280d719c8.js"],"component---src-pages-news-js":["styles.03f8a8f63ab2a9b54b18.css","styles-945a5a4f8d9964885e02.js","commons-779719f9f64ce46a4a47.js","component---src-pages-news-js-1e568dbf256d00c849d7.js"],"component---src-pages-projects-js":["styles.03f8a8f63ab2a9b54b18.css","styles-945a5a4f8d9964885e02.js","commons-779719f9f64ce46a4a47.js","component---src-pages-projects-js-798240d097fc85b699a0.js"]}}