{"data":{"site":{"id":"Site","siteMetadata":{"title":"Pascale Girardin"}},"allWordpressPost":{"edges":[{"node":{"id":"dab14430-7777-5fff-9ff6-e33f46b19532","slug":"262-2","date":"2020-01-27T22:33:30.000Z","link":"/en/262-2/"}},{"node":{"id":"7f2368f4-9e88-5401-9a97-e56f86855ad1","slug":"exposition","date":"2020-01-27T18:50:14.000Z","link":"/en/exposition/"}},{"node":{"id":"dbf0b36e-b033-5f3a-9898-bb0022f46c13","slug":"sound-and-spontaneous-movement-as-contextual-creative-materials-and-as-a-means-to-develop-presence","date":"2017-11-14T18:53:25.000Z","link":"/en/sound-and-spontaneous-movement-as-contextual-creative-materials-and-as-a-means-to-develop-presence/"}},{"node":{"id":"98663e66-f860-5cdb-9b11-e356f03939d2","slug":"atelier-son-et-mouvement","date":"2017-11-14T18:46:58.000Z","link":"/atelier-son-et-mouvement/"}},{"node":{"id":"89360da6-1119-5580-860e-323641a2581e","slug":"exposition-2","date":"2021-09-15T16:52:56.000Z","link":"/exposition-2/"}}]},"allWordpressWpProjects":{"edges":[{"node":{"id":"c9e33d72-66af-52ed-a1c2-e04c58a55394","slug":"epilogue-2","link":"/en/project/epilogue-2/","date":"2018-08-01T21:12:31.000Z"}},{"node":{"id":"d7811b5f-d191-5cb4-bd73-b23ff8c4b671","slug":"epilogue","link":"/project/epilogue/","date":"2018-08-01T19:38:16.000Z"}},{"node":{"id":"b6bfe22d-883b-5420-805a-2292db5643c9","slug":"procede-2","link":"/en/project/procede-2/","date":"2018-05-02T21:11:31.000Z"}},{"node":{"id":"a12278cb-655d-5378-9a38-fd31b96ef99f","slug":"procede","link":"/project/procede/","date":"2018-05-01T19:30:49.000Z"}},{"node":{"id":"ed546108-9057-5b0a-b832-e268deb8b515","slug":"avec-soin","link":"/project/avec-soin/","date":"2018-05-01T19:18:19.000Z"}},{"node":{"id":"d696143c-9176-5444-8758-b9b994ed68c8","slug":"les-chemins","link":"/project/les-chemins/","date":"2018-04-01T22:53:56.000Z"}},{"node":{"id":"55fe6984-c3d5-5f4a-b3f2-30649297e966","slug":"232","link":"/en/project/232/","date":"2018-02-05T21:10:29.000Z"}},{"node":{"id":"6ac9bf49-cc92-5a56-a428-c6f3cfd142d1","slug":"231","link":"/en/project/231/","date":"2018-02-04T21:06:32.000Z"}},{"node":{"id":"fbe97227-c456-5b84-8b83-4557c47da004","slug":"prologue","link":"/project/prologue/","date":"2018-01-05T19:52:54.000Z"}},{"node":{"id":"0f9919bb-1101-5b2d-ba72-1f93fb38fab0","slug":"235","link":"/en/project/235/","date":"2018-01-02T21:14:21.000Z"}},{"node":{"id":"e388cc59-853e-5e47-92bf-2e225510330a","slug":"starting-point","link":"/en/project/starting-point/","date":"2013-03-02T21:05:42.000Z"}},{"node":{"id":"aeebd633-c2eb-5822-8def-1928ea201877","slug":"point-de-depart","link":"/project/point-de-depart/","date":"2013-03-01T22:46:13.000Z"}},{"node":{"id":"aa22212b-2f36-516b-8595-ccf080eced93","slug":"lexis-a-statement-considered-independently-of-its-truth","link":"/en/project/lexis-a-statement-considered-independently-of-its-truth/","date":"2011-09-02T18:57:57.000Z"}},{"node":{"id":"8ebaf9c1-3d62-5af9-b0ff-ddd75dfb5979","slug":"lexis-un-enonce-considere-independamment-de-sa-verite","link":"/project/lexis-un-enonce-considere-independamment-de-sa-verite/","date":"2011-09-01T21:59:56.000Z"}},{"node":{"id":"817822ad-d0dd-5f95-b56d-a2ca506ce85e","slug":"this-is-not-a-tree","link":"/en/project/this-is-not-a-tree/","date":"2011-07-02T18:56:17.000Z"}},{"node":{"id":"fdab7f47-9afa-5f1c-8895-54ecdc9e1ed5","slug":"ceci-nest-pas-un-arbre","link":"/project/ceci-nest-pas-un-arbre/","date":"2011-07-01T21:52:25.000Z"}},{"node":{"id":"48edd0fa-c265-58ee-a3fe-30baad06b443","slug":"buffed","link":"/en/project/buffed/","date":"2011-02-02T18:51:25.000Z"}},{"node":{"id":"673a9859-6624-5247-9655-586dd4199187","slug":"biffe","link":"/project/biffe/","date":"2011-02-01T21:31:19.000Z"}},{"node":{"id":"c9d7c3f0-979e-50b5-858e-e9985941dfae","slug":"e-space-2","link":"/en/project/e-space-2/","date":"2010-02-02T18:48:39.000Z"}},{"node":{"id":"027c32dd-4903-522d-ba85-6c1849ecda71","slug":"e-space","link":"/project/e-space/","date":"2010-02-01T21:21:46.000Z"}},{"node":{"id":"d585a081-109f-5a47-a073-766e795ba8b6","slug":"yul-sha-jdz","link":"/project/yul-sha-jdz/","date":"2009-08-08T22:14:16.000Z"}},{"node":{"id":"8b24d6da-9769-52be-8b5a-bbfaa4ac8666","slug":"yul-sha-jdz-2","link":"/en/project/yul-sha-jdz-2/","date":"2009-08-08T20:58:12.000Z"}},{"node":{"id":"2d07cc16-2ae9-554e-9460-ac52bdc301e9","slug":"t-ou","link":"/project/t-ou/","date":"2009-08-01T22:53:51.000Z"}},{"node":{"id":"15ca5e43-423e-57b7-ad62-458b623b6668","slug":"intramuros","link":"/project/intramuros/","date":"2009-08-01T22:38:42.000Z"}},{"node":{"id":"b08dd8f6-3bb8-5a6d-ba19-1e484d0cc582","slug":"sup-nm-slow-text","link":"/en/project/sup-nm-slow-text/","date":"2009-02-02T16:14:30.000Z"}},{"node":{"id":"aa3a69e4-811b-599f-b3bd-336a5df0760d","slug":"yo-sa-va","link":"/project/yo-sa-va/","date":"2009-02-01T21:53:30.000Z"}},{"node":{"id":"2b6bb709-fc5c-551d-8ead-e08f42f599b7","slug":"t-ou-2","link":"/en/project/t-ou-2/","date":"2008-01-09T18:46:55.000Z"}},{"node":{"id":"fef8afed-d3bf-55b4-87cd-b9f8c45a04ce","slug":"intramuros-2","link":"/en/project/intramuros-2/","date":"2008-01-09T17:51:59.000Z"}}]}}}