{"data":{"allWordpressWpApiMenusMenusItems":{"edges":[{"node":{"id":"d73babd2-3e44-5eb6-bcf7-3eb5aa0fd963","slug":"footer-en_ca","wordpress_id":25,"name":"footer-en_CA","count":13,"items":[{"order":1,"title":"Projects","url":"/en/projects/"},{"order":9,"title":"News","url":"/en/news"},{"order":10,"title":"Info","url":"/en/info-2"},{"order":13,"title":"Contact","url":"/en/contact-2"}]}},{"node":{"id":"158f3c30-8c05-5015-a8da-5501b096f70f","slug":"footer-fr_ca","wordpress_id":20,"name":"footer-fr_CA","count":13,"items":[{"order":1,"title":"Projets","url":"/projects/"},{"order":9,"title":"Actualités","url":"/news/"},{"order":10,"title":"Info","url":"/info/"},{"order":13,"title":"Contact","url":"/contact/"}]}},{"node":{"id":"c4f1cec0-7497-58ec-a7f4-6e0a7f7d76b7","slug":"primary-en_ca","wordpress_id":19,"name":"primary-en_CA","count":4,"items":[{"order":1,"title":"Projects","url":"/en/projects"},{"order":2,"title":"News","url":"/en/news"},{"order":3,"title":"Info","url":"/en/info-2"},{"order":4,"title":"Contact","url":"/en/contact-2"}]}},{"node":{"id":"24cd824a-58bc-5d7f-adc0-e7dca8cef5f8","slug":"primary-fr_ca","wordpress_id":14,"name":"primary-fr_CA","count":4,"items":[{"order":1,"title":"Projets","url":"/projects"},{"order":2,"title":"Actualités","url":"/news"},{"order":3,"title":"Info","url":"/info/"},{"order":4,"title":"Contact","url":"/contact/"}]}}]},"allWordpressWpApiMenusMenuLocations":{"edges":[{"node":{"id":"1551cb91-6da3-51c5-b1ba-51a4118fb4c7","wordpress_id":14,"label":"primary"}},{"node":{"id":"5f501468-0314-5dda-93de-53af61ce26e4","wordpress_id":20,"label":"footer"}}]}}}