{"data":{"allWordpressWpApiMenusMenusItems":{"edges":[{"node":{"id":"d73babd2-3e44-5eb6-bcf7-3eb5aa0fd963","slug":"footer-en_ca","wordpress_id":25,"name":"footer-en_CA","count":13,"items":[{"order":1,"title":"Projects","url":"/en/projects/","attr":"","target":"","classes":"","wordpress_children":[{"order":2,"title":"Ceramic","url":"/en/projects/#ceramic","attr":"","target":"","classes":""},{"order":3,"title":"Exhibition","url":"/en/projects/#exhibition","attr":"","target":"","classes":""},{"order":4,"title":"Installation","url":"/en/projects/#installation-en","attr":"","target":"","classes":""},{"order":5,"title":"Artwork","url":"/en/projects/#artwork","attr":"","target":"","classes":""},{"order":6,"title":"Performance","url":"/en/projects/#performance-en","attr":"","target":"","classes":""},{"order":7,"title":"Sculpture","url":"/en/projects/#sculpture-en","attr":"","target":"","classes":""},{"order":8,"title":"Video","url":"/en/projects/#video-en","attr":"","target":"","classes":""}]},{"order":9,"title":"News","url":"/en/news","attr":"","target":"","classes":"","wordpress_children":null},{"order":10,"title":"Info","url":"/en/info-2","attr":"","target":"","classes":"","wordpress_children":[{"order":11,"title":"Démarche","url":"/en/info-2#0","attr":"","target":"","classes":""},{"order":12,"title":"Biography","url":"/en/info-2#1","attr":"","target":"","classes":""}]},{"order":13,"title":"Contact","url":"/en/contact-2","attr":"","target":"","classes":"","wordpress_children":null}]}},{"node":{"id":"158f3c30-8c05-5015-a8da-5501b096f70f","slug":"footer-fr_ca","wordpress_id":20,"name":"footer-fr_CA","count":13,"items":[{"order":1,"title":"Projets","url":"/projects/","attr":"","target":"","classes":"","wordpress_children":[{"order":2,"title":"Céramique","url":"/projects/#ceramique","attr":"","target":"","classes":""},{"order":3,"title":"Exposition","url":"/projects/#exposition","attr":"","target":"","classes":""},{"order":4,"title":"Installation","url":"/projects/#installation","attr":"","target":"","classes":""},{"order":5,"title":"Œuvre","url":"/projects/#oeuvre","attr":"","target":"","classes":""},{"order":6,"title":"Performance","url":"/projects/#performance","attr":"","target":"","classes":""},{"order":7,"title":"Sculpture","url":"/projects/#sculpture","attr":"","target":"","classes":""},{"order":8,"title":"Vidéo","url":"/projects/#video","attr":"","target":"","classes":""}]},{"order":9,"title":"Actualités","url":"/news/","attr":"","target":"","classes":"","wordpress_children":null},{"order":10,"title":"Info","url":"/info/","attr":"","target":"","classes":"","wordpress_children":[{"order":11,"title":"Démarche","url":"/info/#0","attr":"","target":"","classes":""},{"order":12,"title":"Biographie","url":"/info/#1","attr":"","target":"","classes":""}]},{"order":13,"title":"Contact","url":"/contact/","attr":"","target":"","classes":"","wordpress_children":null}]}},{"node":{"id":"c4f1cec0-7497-58ec-a7f4-6e0a7f7d76b7","slug":"primary-en_ca","wordpress_id":19,"name":"primary-en_CA","count":4,"items":[{"order":1,"title":"Projects","url":"/en/projects","attr":"","target":"","classes":"","wordpress_children":null},{"order":2,"title":"News","url":"/en/news","attr":"","target":"","classes":"","wordpress_children":null},{"order":3,"title":"Info","url":"/en/info-2","attr":"","target":"","classes":"","wordpress_children":null},{"order":4,"title":"Contact","url":"/en/contact-2","attr":"","target":"","classes":"","wordpress_children":null}]}},{"node":{"id":"24cd824a-58bc-5d7f-adc0-e7dca8cef5f8","slug":"primary-fr_ca","wordpress_id":14,"name":"primary-fr_CA","count":4,"items":[{"order":1,"title":"Projets","url":"/projects","attr":"","target":"","classes":"","wordpress_children":null},{"order":2,"title":"Actualités","url":"/news","attr":"","target":"","classes":"","wordpress_children":null},{"order":3,"title":"Info","url":"/info/","attr":"","target":"","classes":"","wordpress_children":null},{"order":4,"title":"Contact","url":"/contact/","attr":"","target":"","classes":"","wordpress_children":null}]}}]},"allWordpressWpApiMenusMenuLocations":{"edges":[{"node":{"id":"1551cb91-6da3-51c5-b1ba-51a4118fb4c7","wordpress_id":14,"label":"primary"}},{"node":{"id":"5f501468-0314-5dda-93de-53af61ce26e4","wordpress_id":20,"label":"footer"}}]}}}